{"center":[-1.9165919300580747,-10.187448074144527,-1.065165981691622],"camera":[-113.94968109645582,85.29675764611953,-38.534264278782366],"startFly":false,"cameraRotation":[-1.9447438055707658,-0.8294520876503267,0.4660205095490369],"cameraUp":[-0.2184773416761985,-0.7015713905386293,-0.6782810885997089],"friction":0.1,"stereo":false,"stereoSep":0.06,"decimate":"1.0","maxVrange":2000,"UI":true,"UIfullscreen":true,"UIsnapshot":true,"UIreset":true,"UIsavePreset":true,"UIloadNewData":true,"UIcameraControls":true,"UIdecimation":true,"showParts":{"Tracks":true,"ruler":false,"disk":true,"Halos":false},"sizeMult":{"Tracks":35,"ruler":15,"disk":15,"Halos":13.8},"color":{"Tracks":[1,1,1,1],"ruler":[1,1,1,1],"disk":[1,1,1,1],"Halos":[1,1,1,1]},"plotNmax":{"Tracks":60100,"ruler":303,"disk":307,"Halos":5299},"showVel":{"Tracks":true,"ruler":false,"disk":false,"Halos":true},"velType":{"Tracks":"triangle","Halos":"triangle"},"filterLims":{"Tracks":{"logT":[-0.001,7.5528054962],"logZ":[-4.001,0.6461442838],"logDen":[-5.5893455276,3.1790729293999997],"PType":[-0.001,4.001],"t_t_1e5":[-1,0.5],"Vr":[-335.1318898926,769.4777456055],"particle_ind":[49.5,60.5],"time":[-13.787227764599999,0.001]},"ruler":{},"disk":{},"Halos":{"magVelocities":[-0.001,409.95487137538544],"logMvir":[9.9992195663,12.031625089999999],"Times":[0.8008229604,13.8050380478]}},"filterVals":{"Tracks":{"logT":[-0.001,7.5528054962],"logZ":[-4.001,0.6461442838],"logDen":[-5.5893455276,3.1790729293999997],"PType":[-0.001,4.001],"t_t_1e5":[-1,0.5],"Vr":[-335.1318898926,769.4777456055],"particle_ind":[49.5,54.871],"time":[-13.787227764599999,0.001]},"ruler":{},"disk":{},"Halos":{"magVelocities":[-0.001,409.95487137538544],"logMvir":[9.999,12.031625089999999],"Times":[11.816,13.8050380478]}},"invertFilter":{"Tracks":{"logT":false,"logZ":false,"logDen":false,"PType":false,"t_t_1e5":false,"Vr":false,"particle_ind":false,"time":false},"ruler":{},"disk":{},"Halos":{"magVelocities":false,"logMvir":false,"Times":false}},"colormapLims":{"Tracks":{"logT":[3.5,6.5],"logZ":[-4.001,0.6461442838],"logDen":[-5.5893455276,3.1790729293999997],"PType":[-0.001,4.001],"t_t_1e5":[-13.676025939899999,5.7966504822000005],"Vr":[-335.1318898926,769.4777456055],"particle_ind":[-0.001,99.001],"time":[-13.787227764599999,0.001]},"ruler":{"None":[0,1]},"disk":{"None":[0,1]},"Halos":{"magVelocities":[-0.001,409.95487137538544],"logMvir":[9.9992195663,12.031625089999999],"Times":[0.8008229604,13.8050380478]}},"colormapVals":{"Tracks":{"logT":[3.5,6.5],"logZ":[-4.001,0.6461442838],"logDen":[-5.5893455276,3.1790729293999997],"PType":[-0.001,4.001],"t_t_1e5":[-13.676025939899999,5.7966504822000005],"Vr":[-335.1318898926,769.4777456055],"particle_ind":[-0.001,99.001],"time":[-13.787227764599999,0.001]},"ruler":{"None":[0,1]},"disk":{"None":[0,1]},"Halos":{"magVelocities":[-0.001,409.95487137538544],"logMvir":[9.9992195663,12.031625089999999],"Times":[0.8008229604,13.8050380478]}},"UIparticle":{"Tracks":true,"ruler":true,"disk":true,"Halos":true},"UIdropdown":{"Tracks":true,"ruler":true,"disk":true,"Halos":true},"UIcolorPicker":{"Tracks":true,"ruler":true,"disk":true,"Halos":true},"showColormap":{"Tracks":true,"ruler":false,"disk":false,"Halos":false},"colormap":{"Tracks":0.578125,"ruler":0.015625,"disk":0.015625,"Halos":0.015625},"colormapVariable":{"Tracks":0,"ruler":0,"disk":0,"Halos":2},"loaded":true}